model_slug,probe_tier,status,score_mean,score_delta_vs_M01,score_delta_vs_P12,completion_binary,runtime_proxy,latency_field,cost_field,failure_reason_code,task_name,benchmark_slug,notebook_pin_sha,source_export,notes
claude-haiku-4-5-20251001,P12,export_missing,NA,NA,NA,0,NA,NA,NA,no_row_for_task,lucid_m11_probe_p12_task,michael1232/lucid-kaggle-community-benchmarks,13137d907e938c6ed36c2b17eb0c4347f2d3943c,NA,No matching Task_Name row in provided export CSV(s).
claude-haiku-4-5-20251001,P24,export_missing,NA,NA,NA,0,NA,NA,NA,no_row_for_task,lucid_m11_probe_p24_task,michael1232/lucid-kaggle-community-benchmarks,13137d907e938c6ed36c2b17eb0c4347f2d3943c,NA,No matching Task_Name row in provided export CSV(s).
claude-haiku-4-5-20251001,P48,export_missing,NA,NA,NA,0,NA,NA,NA,no_row_for_task,lucid_m11_probe_p48_task,michael1232/lucid-kaggle-community-benchmarks,13137d907e938c6ed36c2b17eb0c4347f2d3943c,NA,No matching Task_Name row in provided export CSV(s).
claude-haiku-4-5-20251001,P72,platform_limited,NA,NA,NA,0,NA,NA,NA,boolean_false_no_numeric,lucid_m09_mature_evidence_task,michael1232/lucid-kaggle-community-benchmarks,13137d907e938c6ed36c2b17eb0c4347f2d3943c,m09_kaggle_leaderboard_export.csv,Platform returned Boolean_Result=False without Numerical_Result; not asserted as benchmark defect.
claude-opus-4-1-20250805,P12,export_missing,NA,NA,NA,0,NA,NA,NA,no_row_for_task,lucid_m11_probe_p12_task,michael1232/lucid-kaggle-community-benchmarks,13137d907e938c6ed36c2b17eb0c4347f2d3943c,NA,No matching Task_Name row in provided export CSV(s).
claude-opus-4-1-20250805,P24,export_missing,NA,NA,NA,0,NA,NA,NA,no_row_for_task,lucid_m11_probe_p24_task,michael1232/lucid-kaggle-community-benchmarks,13137d907e938c6ed36c2b17eb0c4347f2d3943c,NA,No matching Task_Name row in provided export CSV(s).
claude-opus-4-1-20250805,P48,export_missing,NA,NA,NA,0,NA,NA,NA,no_row_for_task,lucid_m11_probe_p48_task,michael1232/lucid-kaggle-community-benchmarks,13137d907e938c6ed36c2b17eb0c4347f2d3943c,NA,No matching Task_Name row in provided export CSV(s).
claude-opus-4-1-20250805,P72,platform_limited,NA,NA,NA,0,NA,NA,NA,boolean_false_no_numeric,lucid_m09_mature_evidence_task,michael1232/lucid-kaggle-community-benchmarks,13137d907e938c6ed36c2b17eb0c4347f2d3943c,m09_kaggle_leaderboard_export.csv,Platform returned Boolean_Result=False without Numerical_Result; not asserted as benchmark defect.
claude-opus-4-5-20251101,P12,export_missing,NA,NA,NA,0,NA,NA,NA,no_row_for_task,lucid_m11_probe_p12_task,michael1232/lucid-kaggle-community-benchmarks,13137d907e938c6ed36c2b17eb0c4347f2d3943c,NA,No matching Task_Name row in provided export CSV(s).
claude-opus-4-5-20251101,P24,export_missing,NA,NA,NA,0,NA,NA,NA,no_row_for_task,lucid_m11_probe_p24_task,michael1232/lucid-kaggle-community-benchmarks,13137d907e938c6ed36c2b17eb0c4347f2d3943c,NA,No matching Task_Name row in provided export CSV(s).
claude-opus-4-5-20251101,P48,export_missing,NA,NA,NA,0,NA,NA,NA,no_row_for_task,lucid_m11_probe_p48_task,michael1232/lucid-kaggle-community-benchmarks,13137d907e938c6ed36c2b17eb0c4347f2d3943c,NA,No matching Task_Name row in provided export CSV(s).
claude-opus-4-5-20251101,P72,platform_limited,NA,NA,NA,0,NA,NA,NA,boolean_false_no_numeric,lucid_m09_mature_evidence_task,michael1232/lucid-kaggle-community-benchmarks,13137d907e938c6ed36c2b17eb0c4347f2d3943c,m09_kaggle_leaderboard_export.csv,Platform returned Boolean_Result=False without Numerical_Result; not asserted as benchmark defect.
claude-opus-4-6-default,P12,export_missing,NA,NA,NA,0,NA,NA,NA,no_row_for_task,lucid_m11_probe_p12_task,michael1232/lucid-kaggle-community-benchmarks,13137d907e938c6ed36c2b17eb0c4347f2d3943c,NA,No matching Task_Name row in provided export CSV(s).
claude-opus-4-6-default,P24,export_missing,NA,NA,NA,0,NA,NA,NA,no_row_for_task,lucid_m11_probe_p24_task,michael1232/lucid-kaggle-community-benchmarks,13137d907e938c6ed36c2b17eb0c4347f2d3943c,NA,No matching Task_Name row in provided export CSV(s).
claude-opus-4-6-default,P48,export_missing,NA,NA,NA,0,NA,NA,NA,no_row_for_task,lucid_m11_probe_p48_task,michael1232/lucid-kaggle-community-benchmarks,13137d907e938c6ed36c2b17eb0c4347f2d3943c,NA,No matching Task_Name row in provided export CSV(s).
claude-opus-4-6-default,P72,platform_limited,NA,NA,NA,0,NA,NA,NA,boolean_false_no_numeric,lucid_m09_mature_evidence_task,michael1232/lucid-kaggle-community-benchmarks,13137d907e938c6ed36c2b17eb0c4347f2d3943c,m09_kaggle_leaderboard_export.csv,Platform returned Boolean_Result=False without Numerical_Result; not asserted as benchmark defect.
claude-sonnet-4-20250514,P12,export_missing,NA,NA,NA,0,NA,NA,NA,no_row_for_task,lucid_m11_probe_p12_task,michael1232/lucid-kaggle-community-benchmarks,13137d907e938c6ed36c2b17eb0c4347f2d3943c,NA,No matching Task_Name row in provided export CSV(s).
claude-sonnet-4-20250514,P24,export_missing,NA,NA,NA,0,NA,NA,NA,no_row_for_task,lucid_m11_probe_p24_task,michael1232/lucid-kaggle-community-benchmarks,13137d907e938c6ed36c2b17eb0c4347f2d3943c,NA,No matching Task_Name row in provided export CSV(s).
claude-sonnet-4-20250514,P48,export_missing,NA,NA,NA,0,NA,NA,NA,no_row_for_task,lucid_m11_probe_p48_task,michael1232/lucid-kaggle-community-benchmarks,13137d907e938c6ed36c2b17eb0c4347f2d3943c,NA,No matching Task_Name row in provided export CSV(s).
claude-sonnet-4-20250514,P72,platform_limited,NA,NA,NA,0,NA,NA,NA,boolean_false_no_numeric,lucid_m09_mature_evidence_task,michael1232/lucid-kaggle-community-benchmarks,13137d907e938c6ed36c2b17eb0c4347f2d3943c,m09_kaggle_leaderboard_export.csv,Platform returned Boolean_Result=False without Numerical_Result; not asserted as benchmark defect.
claude-sonnet-4-5-20250929,P12,export_missing,NA,NA,NA,0,NA,NA,NA,no_row_for_task,lucid_m11_probe_p12_task,michael1232/lucid-kaggle-community-benchmarks,13137d907e938c6ed36c2b17eb0c4347f2d3943c,NA,No matching Task_Name row in provided export CSV(s).
claude-sonnet-4-5-20250929,P24,export_missing,NA,NA,NA,0,NA,NA,NA,no_row_for_task,lucid_m11_probe_p24_task,michael1232/lucid-kaggle-community-benchmarks,13137d907e938c6ed36c2b17eb0c4347f2d3943c,NA,No matching Task_Name row in provided export CSV(s).
claude-sonnet-4-5-20250929,P48,export_missing,NA,NA,NA,0,NA,NA,NA,no_row_for_task,lucid_m11_probe_p48_task,michael1232/lucid-kaggle-community-benchmarks,13137d907e938c6ed36c2b17eb0c4347f2d3943c,NA,No matching Task_Name row in provided export CSV(s).
claude-sonnet-4-5-20250929,P72,platform_limited,NA,NA,NA,0,NA,NA,NA,boolean_false_no_numeric,lucid_m09_mature_evidence_task,michael1232/lucid-kaggle-community-benchmarks,13137d907e938c6ed36c2b17eb0c4347f2d3943c,m09_kaggle_leaderboard_export.csv,Platform returned Boolean_Result=False without Numerical_Result; not asserted as benchmark defect.
claude-sonnet-4-6-default,P12,export_missing,NA,NA,NA,0,NA,NA,NA,no_row_for_task,lucid_m11_probe_p12_task,michael1232/lucid-kaggle-community-benchmarks,13137d907e938c6ed36c2b17eb0c4347f2d3943c,NA,No matching Task_Name row in provided export CSV(s).
claude-sonnet-4-6-default,P24,export_missing,NA,NA,NA,0,NA,NA,NA,no_row_for_task,lucid_m11_probe_p24_task,michael1232/lucid-kaggle-community-benchmarks,13137d907e938c6ed36c2b17eb0c4347f2d3943c,NA,No matching Task_Name row in provided export CSV(s).
claude-sonnet-4-6-default,P48,export_missing,NA,NA,NA,0,NA,NA,NA,no_row_for_task,lucid_m11_probe_p48_task,michael1232/lucid-kaggle-community-benchmarks,13137d907e938c6ed36c2b17eb0c4347f2d3943c,NA,No matching Task_Name row in provided export CSV(s).
claude-sonnet-4-6-default,P72,platform_limited,NA,NA,NA,0,NA,NA,NA,boolean_false_no_numeric,lucid_m09_mature_evidence_task,michael1232/lucid-kaggle-community-benchmarks,13137d907e938c6ed36c2b17eb0c4347f2d3943c,m09_kaggle_leaderboard_export.csv,Platform returned Boolean_Result=False without Numerical_Result; not asserted as benchmark defect.
deepseek-r1-0528,P12,export_missing,NA,NA,NA,0,NA,NA,NA,no_row_for_task,lucid_m11_probe_p12_task,michael1232/lucid-kaggle-community-benchmarks,13137d907e938c6ed36c2b17eb0c4347f2d3943c,NA,No matching Task_Name row in provided export CSV(s).
deepseek-r1-0528,P24,export_missing,NA,NA,NA,0,NA,NA,NA,no_row_for_task,lucid_m11_probe_p24_task,michael1232/lucid-kaggle-community-benchmarks,13137d907e938c6ed36c2b17eb0c4347f2d3943c,NA,No matching Task_Name row in provided export CSV(s).
deepseek-r1-0528,P48,export_missing,NA,NA,NA,0,NA,NA,NA,no_row_for_task,lucid_m11_probe_p48_task,michael1232/lucid-kaggle-community-benchmarks,13137d907e938c6ed36c2b17eb0c4347f2d3943c,NA,No matching Task_Name row in provided export CSV(s).
deepseek-r1-0528,P72,platform_limited,NA,NA,NA,0,NA,NA,NA,boolean_false_no_numeric,lucid_m09_mature_evidence_task,michael1232/lucid-kaggle-community-benchmarks,13137d907e938c6ed36c2b17eb0c4347f2d3943c,m09_kaggle_leaderboard_export.csv,Platform returned Boolean_Result=False without Numerical_Result; not asserted as benchmark defect.
deepseek-v3.1,P12,export_missing,NA,NA,NA,0,NA,NA,NA,no_row_for_task,lucid_m11_probe_p12_task,michael1232/lucid-kaggle-community-benchmarks,13137d907e938c6ed36c2b17eb0c4347f2d3943c,NA,No matching Task_Name row in provided export CSV(s).
deepseek-v3.1,P24,export_missing,NA,NA,NA,0,NA,NA,NA,no_row_for_task,lucid_m11_probe_p24_task,michael1232/lucid-kaggle-community-benchmarks,13137d907e938c6ed36c2b17eb0c4347f2d3943c,NA,No matching Task_Name row in provided export CSV(s).
deepseek-v3.1,P48,export_missing,NA,NA,NA,0,NA,NA,NA,no_row_for_task,lucid_m11_probe_p48_task,michael1232/lucid-kaggle-community-benchmarks,13137d907e938c6ed36c2b17eb0c4347f2d3943c,NA,No matching Task_Name row in provided export CSV(s).
deepseek-v3.1,P72,platform_limited,NA,NA,NA,0,NA,NA,NA,boolean_false_no_numeric,lucid_m09_mature_evidence_task,michael1232/lucid-kaggle-community-benchmarks,13137d907e938c6ed36c2b17eb0c4347f2d3943c,m09_kaggle_leaderboard_export.csv,Platform returned Boolean_Result=False without Numerical_Result; not asserted as benchmark defect.
deepseek-v3.2,P12,export_missing,NA,NA,NA,0,NA,NA,NA,no_row_for_task,lucid_m11_probe_p12_task,michael1232/lucid-kaggle-community-benchmarks,13137d907e938c6ed36c2b17eb0c4347f2d3943c,NA,No matching Task_Name row in provided export CSV(s).
deepseek-v3.2,P24,export_missing,NA,NA,NA,0,NA,NA,NA,no_row_for_task,lucid_m11_probe_p24_task,michael1232/lucid-kaggle-community-benchmarks,13137d907e938c6ed36c2b17eb0c4347f2d3943c,NA,No matching Task_Name row in provided export CSV(s).
deepseek-v3.2,P48,export_missing,NA,NA,NA,0,NA,NA,NA,no_row_for_task,lucid_m11_probe_p48_task,michael1232/lucid-kaggle-community-benchmarks,13137d907e938c6ed36c2b17eb0c4347f2d3943c,NA,No matching Task_Name row in provided export CSV(s).
deepseek-v3.2,P72,platform_limited,NA,NA,NA,0,NA,NA,NA,boolean_false_no_numeric,lucid_m09_mature_evidence_task,michael1232/lucid-kaggle-community-benchmarks,13137d907e938c6ed36c2b17eb0c4347f2d3943c,m09_kaggle_leaderboard_export.csv,Platform returned Boolean_Result=False without Numerical_Result; not asserted as benchmark defect.
gemini-2.0-flash-001,P12,export_missing,NA,NA,NA,0,NA,NA,NA,no_row_for_task,lucid_m11_probe_p12_task,michael1232/lucid-kaggle-community-benchmarks,13137d907e938c6ed36c2b17eb0c4347f2d3943c,NA,No matching Task_Name row in provided export CSV(s).
gemini-2.0-flash-001,P24,export_missing,NA,NA,NA,0,NA,NA,NA,no_row_for_task,lucid_m11_probe_p24_task,michael1232/lucid-kaggle-community-benchmarks,13137d907e938c6ed36c2b17eb0c4347f2d3943c,NA,No matching Task_Name row in provided export CSV(s).
gemini-2.0-flash-001,P48,export_missing,NA,NA,NA,0,NA,NA,NA,no_row_for_task,lucid_m11_probe_p48_task,michael1232/lucid-kaggle-community-benchmarks,13137d907e938c6ed36c2b17eb0c4347f2d3943c,NA,No matching Task_Name row in provided export CSV(s).
gemini-2.0-flash-001,P72,completed,0.6835590277777772,0.0031423611111104366,NA,1,NA,NA,NA,NA,lucid_m09_mature_evidence_task,michael1232/lucid-kaggle-community-benchmarks,13137d907e938c6ed36c2b17eb0c4347f2d3943c,m09_kaggle_leaderboard_export.csv,NA
gemini-2.0-flash-lite-001,P12,export_missing,NA,NA,NA,0,NA,NA,NA,no_row_for_task,lucid_m11_probe_p12_task,michael1232/lucid-kaggle-community-benchmarks,13137d907e938c6ed36c2b17eb0c4347f2d3943c,NA,No matching Task_Name row in provided export CSV(s).
gemini-2.0-flash-lite-001,P24,export_missing,NA,NA,NA,0,NA,NA,NA,no_row_for_task,lucid_m11_probe_p24_task,michael1232/lucid-kaggle-community-benchmarks,13137d907e938c6ed36c2b17eb0c4347f2d3943c,NA,No matching Task_Name row in provided export CSV(s).
gemini-2.0-flash-lite-001,P48,export_missing,NA,NA,NA,0,NA,NA,NA,no_row_for_task,lucid_m11_probe_p48_task,michael1232/lucid-kaggle-community-benchmarks,13137d907e938c6ed36c2b17eb0c4347f2d3943c,NA,No matching Task_Name row in provided export CSV(s).
gemini-2.0-flash-lite-001,P72,completed,0.6452777777777785,-0.02013888888888815,NA,1,NA,NA,NA,NA,lucid_m09_mature_evidence_task,michael1232/lucid-kaggle-community-benchmarks,13137d907e938c6ed36c2b17eb0c4347f2d3943c,m09_kaggle_leaderboard_export.csv,NA
gemini-2.5-flash,P12,export_missing,NA,NA,NA,0,NA,NA,NA,no_row_for_task,lucid_m11_probe_p12_task,michael1232/lucid-kaggle-community-benchmarks,13137d907e938c6ed36c2b17eb0c4347f2d3943c,NA,No matching Task_Name row in provided export CSV(s).
gemini-2.5-flash,P24,export_missing,NA,NA,NA,0,NA,NA,NA,no_row_for_task,lucid_m11_probe_p24_task,michael1232/lucid-kaggle-community-benchmarks,13137d907e938c6ed36c2b17eb0c4347f2d3943c,NA,No matching Task_Name row in provided export CSV(s).
gemini-2.5-flash,P48,export_missing,NA,NA,NA,0,NA,NA,NA,no_row_for_task,lucid_m11_probe_p48_task,michael1232/lucid-kaggle-community-benchmarks,13137d907e938c6ed36c2b17eb0c4347f2d3943c,NA,No matching Task_Name row in provided export CSV(s).
gemini-2.5-flash,P72,completed,0.6523784722222229,0.0044618055555561975,NA,1,NA,NA,NA,NA,lucid_m09_mature_evidence_task,michael1232/lucid-kaggle-community-benchmarks,13137d907e938c6ed36c2b17eb0c4347f2d3943c,m09_kaggle_leaderboard_export.csv,NA
gemini-2.5-pro,P12,export_missing,NA,NA,NA,0,NA,NA,NA,no_row_for_task,lucid_m11_probe_p12_task,michael1232/lucid-kaggle-community-benchmarks,13137d907e938c6ed36c2b17eb0c4347f2d3943c,NA,No matching Task_Name row in provided export CSV(s).
gemini-2.5-pro,P24,export_missing,NA,NA,NA,0,NA,NA,NA,no_row_for_task,lucid_m11_probe_p24_task,michael1232/lucid-kaggle-community-benchmarks,13137d907e938c6ed36c2b17eb0c4347f2d3943c,NA,No matching Task_Name row in provided export CSV(s).
gemini-2.5-pro,P48,export_missing,NA,NA,NA,0,NA,NA,NA,no_row_for_task,lucid_m11_probe_p48_task,michael1232/lucid-kaggle-community-benchmarks,13137d907e938c6ed36c2b17eb0c4347f2d3943c,NA,No matching Task_Name row in provided export CSV(s).
gemini-2.5-pro,P72,completed,0.8157118055555561,-0.07720486111111069,NA,1,NA,NA,NA,NA,lucid_m09_mature_evidence_task,michael1232/lucid-kaggle-community-benchmarks,13137d907e938c6ed36c2b17eb0c4347f2d3943c,m09_kaggle_leaderboard_export.csv,NA
gemini-3-flash-preview,P12,export_missing,NA,NA,NA,0,NA,NA,NA,no_row_for_task,lucid_m11_probe_p12_task,michael1232/lucid-kaggle-community-benchmarks,13137d907e938c6ed36c2b17eb0c4347f2d3943c,NA,No matching Task_Name row in provided export CSV(s).
gemini-3-flash-preview,P24,export_missing,NA,NA,NA,0,NA,NA,NA,no_row_for_task,lucid_m11_probe_p24_task,michael1232/lucid-kaggle-community-benchmarks,13137d907e938c6ed36c2b17eb0c4347f2d3943c,NA,No matching Task_Name row in provided export CSV(s).
gemini-3-flash-preview,P48,export_missing,NA,NA,NA,0,NA,NA,NA,no_row_for_task,lucid_m11_probe_p48_task,michael1232/lucid-kaggle-community-benchmarks,13137d907e938c6ed36c2b17eb0c4347f2d3943c,NA,No matching Task_Name row in provided export CSV(s).
gemini-3-flash-preview,P72,completed,0.6623784722222232,0.02446180555555655,NA,1,NA,NA,NA,NA,lucid_m09_mature_evidence_task,michael1232/lucid-kaggle-community-benchmarks,13137d907e938c6ed36c2b17eb0c4347f2d3943c,m09_kaggle_leaderboard_export.csv,NA
gemini-3.1-flash-lite-preview,P12,export_missing,NA,NA,NA,0,NA,NA,NA,no_row_for_task,lucid_m11_probe_p12_task,michael1232/lucid-kaggle-community-benchmarks,13137d907e938c6ed36c2b17eb0c4347f2d3943c,NA,No matching Task_Name row in provided export CSV(s).
gemini-3.1-flash-lite-preview,P24,export_missing,NA,NA,NA,0,NA,NA,NA,no_row_for_task,lucid_m11_probe_p24_task,michael1232/lucid-kaggle-community-benchmarks,13137d907e938c6ed36c2b17eb0c4347f2d3943c,NA,No matching Task_Name row in provided export CSV(s).
gemini-3.1-flash-lite-preview,P48,export_missing,NA,NA,NA,0,NA,NA,NA,no_row_for_task,lucid_m11_probe_p48_task,michael1232/lucid-kaggle-community-benchmarks,13137d907e938c6ed36c2b17eb0c4347f2d3943c,NA,No matching Task_Name row in provided export CSV(s).
gemini-3.1-flash-lite-preview,P72,completed,0.6427430555555564,-0.012673611111110206,NA,1,NA,NA,NA,NA,lucid_m09_mature_evidence_task,michael1232/lucid-kaggle-community-benchmarks,13137d907e938c6ed36c2b17eb0c4347f2d3943c,m09_kaggle_leaderboard_export.csv,NA
gemini-3.1-pro-preview,P12,export_missing,NA,NA,NA,0,NA,NA,NA,no_row_for_task,lucid_m11_probe_p12_task,michael1232/lucid-kaggle-community-benchmarks,13137d907e938c6ed36c2b17eb0c4347f2d3943c,NA,No matching Task_Name row in provided export CSV(s).
gemini-3.1-pro-preview,P24,export_missing,NA,NA,NA,0,NA,NA,NA,no_row_for_task,lucid_m11_probe_p24_task,michael1232/lucid-kaggle-community-benchmarks,13137d907e938c6ed36c2b17eb0c4347f2d3943c,NA,No matching Task_Name row in provided export CSV(s).
gemini-3.1-pro-preview,P48,export_missing,NA,NA,NA,0,NA,NA,NA,no_row_for_task,lucid_m11_probe_p48_task,michael1232/lucid-kaggle-community-benchmarks,13137d907e938c6ed36c2b17eb0c4347f2d3943c,NA,No matching Task_Name row in provided export CSV(s).
gemini-3.1-pro-preview,P72,platform_limited,NA,NA,NA,0,NA,NA,NA,boolean_false_no_numeric,lucid_m09_mature_evidence_task,michael1232/lucid-kaggle-community-benchmarks,13137d907e938c6ed36c2b17eb0c4347f2d3943c,m09_kaggle_leaderboard_export.csv,Platform returned Boolean_Result=False without Numerical_Result; not asserted as benchmark defect.
gemma-3-12b-it,P12,export_missing,NA,NA,NA,0,NA,NA,NA,no_row_for_task,lucid_m11_probe_p12_task,michael1232/lucid-kaggle-community-benchmarks,13137d907e938c6ed36c2b17eb0c4347f2d3943c,NA,No matching Task_Name row in provided export CSV(s).
gemma-3-12b-it,P24,export_missing,NA,NA,NA,0,NA,NA,NA,no_row_for_task,lucid_m11_probe_p24_task,michael1232/lucid-kaggle-community-benchmarks,13137d907e938c6ed36c2b17eb0c4347f2d3943c,NA,No matching Task_Name row in provided export CSV(s).
gemma-3-12b-it,P48,export_missing,NA,NA,NA,0,NA,NA,NA,no_row_for_task,lucid_m11_probe_p48_task,michael1232/lucid-kaggle-community-benchmarks,13137d907e938c6ed36c2b17eb0c4347f2d3943c,NA,No matching Task_Name row in provided export CSV(s).
gemma-3-12b-it,P72,platform_limited,NA,NA,NA,0,NA,NA,NA,boolean_false_no_numeric,lucid_m09_mature_evidence_task,michael1232/lucid-kaggle-community-benchmarks,13137d907e938c6ed36c2b17eb0c4347f2d3943c,m09_kaggle_leaderboard_export.csv,Platform returned Boolean_Result=False without Numerical_Result; not asserted as benchmark defect.
gemma-3-1b-it,P12,export_missing,NA,NA,NA,0,NA,NA,NA,no_row_for_task,lucid_m11_probe_p12_task,michael1232/lucid-kaggle-community-benchmarks,13137d907e938c6ed36c2b17eb0c4347f2d3943c,NA,No matching Task_Name row in provided export CSV(s).
gemma-3-1b-it,P24,export_missing,NA,NA,NA,0,NA,NA,NA,no_row_for_task,lucid_m11_probe_p24_task,michael1232/lucid-kaggle-community-benchmarks,13137d907e938c6ed36c2b17eb0c4347f2d3943c,NA,No matching Task_Name row in provided export CSV(s).
gemma-3-1b-it,P48,export_missing,NA,NA,NA,0,NA,NA,NA,no_row_for_task,lucid_m11_probe_p48_task,michael1232/lucid-kaggle-community-benchmarks,13137d907e938c6ed36c2b17eb0c4347f2d3943c,NA,No matching Task_Name row in provided export CSV(s).
gemma-3-1b-it,P72,platform_limited,NA,NA,NA,0,NA,NA,NA,boolean_false_no_numeric,lucid_m09_mature_evidence_task,michael1232/lucid-kaggle-community-benchmarks,13137d907e938c6ed36c2b17eb0c4347f2d3943c,m09_kaggle_leaderboard_export.csv,Platform returned Boolean_Result=False without Numerical_Result; not asserted as benchmark defect.
gemma-3-27b-it,P12,export_missing,NA,NA,NA,0,NA,NA,NA,no_row_for_task,lucid_m11_probe_p12_task,michael1232/lucid-kaggle-community-benchmarks,13137d907e938c6ed36c2b17eb0c4347f2d3943c,NA,No matching Task_Name row in provided export CSV(s).
gemma-3-27b-it,P24,export_missing,NA,NA,NA,0,NA,NA,NA,no_row_for_task,lucid_m11_probe_p24_task,michael1232/lucid-kaggle-community-benchmarks,13137d907e938c6ed36c2b17eb0c4347f2d3943c,NA,No matching Task_Name row in provided export CSV(s).
gemma-3-27b-it,P48,export_missing,NA,NA,NA,0,NA,NA,NA,no_row_for_task,lucid_m11_probe_p48_task,michael1232/lucid-kaggle-community-benchmarks,13137d907e938c6ed36c2b17eb0c4347f2d3943c,NA,No matching Task_Name row in provided export CSV(s).
gemma-3-27b-it,P72,completed,0.7241666666666657,0.046999999999999154,NA,1,NA,NA,NA,NA,lucid_m09_mature_evidence_task,michael1232/lucid-kaggle-community-benchmarks,13137d907e938c6ed36c2b17eb0c4347f2d3943c,m09_kaggle_leaderboard_export.csv,NA
gemma-3-4b-it,P12,export_missing,NA,NA,NA,0,NA,NA,NA,no_row_for_task,lucid_m11_probe_p12_task,michael1232/lucid-kaggle-community-benchmarks,13137d907e938c6ed36c2b17eb0c4347f2d3943c,NA,No matching Task_Name row in provided export CSV(s).
gemma-3-4b-it,P24,export_missing,NA,NA,NA,0,NA,NA,NA,no_row_for_task,lucid_m11_probe_p24_task,michael1232/lucid-kaggle-community-benchmarks,13137d907e938c6ed36c2b17eb0c4347f2d3943c,NA,No matching Task_Name row in provided export CSV(s).
gemma-3-4b-it,P48,export_missing,NA,NA,NA,0,NA,NA,NA,no_row_for_task,lucid_m11_probe_p48_task,michael1232/lucid-kaggle-community-benchmarks,13137d907e938c6ed36c2b17eb0c4347f2d3943c,NA,No matching Task_Name row in provided export CSV(s).
gemma-3-4b-it,P72,platform_limited,NA,NA,NA,0,NA,NA,NA,boolean_false_no_numeric,lucid_m09_mature_evidence_task,michael1232/lucid-kaggle-community-benchmarks,13137d907e938c6ed36c2b17eb0c4347f2d3943c,m09_kaggle_leaderboard_export.csv,Platform returned Boolean_Result=False without Numerical_Result; not asserted as benchmark defect.
gemma-4-26b-a4b-it,P12,export_missing,NA,NA,NA,0,NA,NA,NA,no_row_for_task,lucid_m11_probe_p12_task,michael1232/lucid-kaggle-community-benchmarks,13137d907e938c6ed36c2b17eb0c4347f2d3943c,NA,No matching Task_Name row in provided export CSV(s).
gemma-4-26b-a4b-it,P24,export_missing,NA,NA,NA,0,NA,NA,NA,no_row_for_task,lucid_m11_probe_p24_task,michael1232/lucid-kaggle-community-benchmarks,13137d907e938c6ed36c2b17eb0c4347f2d3943c,NA,No matching Task_Name row in provided export CSV(s).
gemma-4-26b-a4b-it,P48,export_missing,NA,NA,NA,0,NA,NA,NA,no_row_for_task,lucid_m11_probe_p48_task,michael1232/lucid-kaggle-community-benchmarks,13137d907e938c6ed36c2b17eb0c4347f2d3943c,NA,No matching Task_Name row in provided export CSV(s).
gemma-4-26b-a4b-it,P72,platform_limited,NA,NA,NA,0,NA,NA,NA,boolean_false_no_numeric,lucid_m09_mature_evidence_task,michael1232/lucid-kaggle-community-benchmarks,13137d907e938c6ed36c2b17eb0c4347f2d3943c,m09_kaggle_leaderboard_export.csv,Platform returned Boolean_Result=False without Numerical_Result; not asserted as benchmark defect.
gemma-4-31b-it,P12,export_missing,NA,NA,NA,0,NA,NA,NA,no_row_for_task,lucid_m11_probe_p12_task,michael1232/lucid-kaggle-community-benchmarks,13137d907e938c6ed36c2b17eb0c4347f2d3943c,NA,No matching Task_Name row in provided export CSV(s).
gemma-4-31b-it,P24,export_missing,NA,NA,NA,0,NA,NA,NA,no_row_for_task,lucid_m11_probe_p24_task,michael1232/lucid-kaggle-community-benchmarks,13137d907e938c6ed36c2b17eb0c4347f2d3943c,NA,No matching Task_Name row in provided export CSV(s).
gemma-4-31b-it,P48,export_missing,NA,NA,NA,0,NA,NA,NA,no_row_for_task,lucid_m11_probe_p48_task,michael1232/lucid-kaggle-community-benchmarks,13137d907e938c6ed36c2b17eb0c4347f2d3943c,NA,No matching Task_Name row in provided export CSV(s).
gemma-4-31b-it,P72,platform_limited,NA,NA,NA,0,NA,NA,NA,boolean_false_no_numeric,lucid_m09_mature_evidence_task,michael1232/lucid-kaggle-community-benchmarks,13137d907e938c6ed36c2b17eb0c4347f2d3943c,m09_kaggle_leaderboard_export.csv,Platform returned Boolean_Result=False without Numerical_Result; not asserted as benchmark defect.
glm-5,P12,export_missing,NA,NA,NA,0,NA,NA,NA,no_row_for_task,lucid_m11_probe_p12_task,michael1232/lucid-kaggle-community-benchmarks,13137d907e938c6ed36c2b17eb0c4347f2d3943c,NA,No matching Task_Name row in provided export CSV(s).
glm-5,P24,export_missing,NA,NA,NA,0,NA,NA,NA,no_row_for_task,lucid_m11_probe_p24_task,michael1232/lucid-kaggle-community-benchmarks,13137d907e938c6ed36c2b17eb0c4347f2d3943c,NA,No matching Task_Name row in provided export CSV(s).
glm-5,P48,export_missing,NA,NA,NA,0,NA,NA,NA,no_row_for_task,lucid_m11_probe_p48_task,michael1232/lucid-kaggle-community-benchmarks,13137d907e938c6ed36c2b17eb0c4347f2d3943c,NA,No matching Task_Name row in provided export CSV(s).
glm-5,P72,completed,0.660815972222222,-0.2321006944444448,NA,1,NA,NA,NA,NA,lucid_m09_mature_evidence_task,michael1232/lucid-kaggle-community-benchmarks,13137d907e938c6ed36c2b17eb0c4347f2d3943c,m09_kaggle_leaderboard_export.csv,NA
gpt-5.4-2026-03-05,P12,export_missing,NA,NA,NA,0,NA,NA,NA,no_row_for_task,lucid_m11_probe_p12_task,michael1232/lucid-kaggle-community-benchmarks,13137d907e938c6ed36c2b17eb0c4347f2d3943c,NA,No matching Task_Name row in provided export CSV(s).
gpt-5.4-2026-03-05,P24,export_missing,NA,NA,NA,0,NA,NA,NA,no_row_for_task,lucid_m11_probe_p24_task,michael1232/lucid-kaggle-community-benchmarks,13137d907e938c6ed36c2b17eb0c4347f2d3943c,NA,No matching Task_Name row in provided export CSV(s).
gpt-5.4-2026-03-05,P48,export_missing,NA,NA,NA,0,NA,NA,NA,no_row_for_task,lucid_m11_probe_p48_task,michael1232/lucid-kaggle-community-benchmarks,13137d907e938c6ed36c2b17eb0c4347f2d3943c,NA,No matching Task_Name row in provided export CSV(s).
gpt-5.4-2026-03-05,P72,completed,0.7090555555555557,0.04788888888888887,NA,1,NA,NA,NA,NA,lucid_m09_mature_evidence_task,michael1232/lucid-kaggle-community-benchmarks,13137d907e938c6ed36c2b17eb0c4347f2d3943c,m09_kaggle_leaderboard_export.csv,NA
gpt-5.4-mini-2026-03-17,P12,export_missing,NA,NA,NA,0,NA,NA,NA,no_row_for_task,lucid_m11_probe_p12_task,michael1232/lucid-kaggle-community-benchmarks,13137d907e938c6ed36c2b17eb0c4347f2d3943c,NA,No matching Task_Name row in provided export CSV(s).
gpt-5.4-mini-2026-03-17,P24,export_missing,NA,NA,NA,0,NA,NA,NA,no_row_for_task,lucid_m11_probe_p24_task,michael1232/lucid-kaggle-community-benchmarks,13137d907e938c6ed36c2b17eb0c4347f2d3943c,NA,No matching Task_Name row in provided export CSV(s).
gpt-5.4-mini-2026-03-17,P48,export_missing,NA,NA,NA,0,NA,NA,NA,no_row_for_task,lucid_m11_probe_p48_task,michael1232/lucid-kaggle-community-benchmarks,13137d907e938c6ed36c2b17eb0c4347f2d3943c,NA,No matching Task_Name row in provided export CSV(s).
gpt-5.4-mini-2026-03-17,P72,completed,0.6451319444444447,-0.2482847222222222,NA,1,NA,NA,NA,NA,lucid_m09_mature_evidence_task,michael1232/lucid-kaggle-community-benchmarks,13137d907e938c6ed36c2b17eb0c4347f2d3943c,m09_kaggle_leaderboard_export.csv,NA
gpt-5.4-nano-2026-03-17,P12,export_missing,NA,NA,NA,0,NA,NA,NA,no_row_for_task,lucid_m11_probe_p12_task,michael1232/lucid-kaggle-community-benchmarks,13137d907e938c6ed36c2b17eb0c4347f2d3943c,NA,No matching Task_Name row in provided export CSV(s).
gpt-5.4-nano-2026-03-17,P24,export_missing,NA,NA,NA,0,NA,NA,NA,no_row_for_task,lucid_m11_probe_p24_task,michael1232/lucid-kaggle-community-benchmarks,13137d907e938c6ed36c2b17eb0c4347f2d3943c,NA,No matching Task_Name row in provided export CSV(s).
gpt-5.4-nano-2026-03-17,P48,export_missing,NA,NA,NA,0,NA,NA,NA,no_row_for_task,lucid_m11_probe_p48_task,michael1232/lucid-kaggle-community-benchmarks,13137d907e938c6ed36c2b17eb0c4347f2d3943c,NA,No matching Task_Name row in provided export CSV(s).
gpt-5.4-nano-2026-03-17,P72,completed,0.6119999999999999,-0.13366666666666682,NA,1,NA,NA,NA,NA,lucid_m09_mature_evidence_task,michael1232/lucid-kaggle-community-benchmarks,13137d907e938c6ed36c2b17eb0c4347f2d3943c,m09_kaggle_leaderboard_export.csv,NA
gpt-oss-120b,P12,export_missing,NA,NA,NA,0,NA,NA,NA,no_row_for_task,lucid_m11_probe_p12_task,michael1232/lucid-kaggle-community-benchmarks,13137d907e938c6ed36c2b17eb0c4347f2d3943c,NA,No matching Task_Name row in provided export CSV(s).
gpt-oss-120b,P24,export_missing,NA,NA,NA,0,NA,NA,NA,no_row_for_task,lucid_m11_probe_p24_task,michael1232/lucid-kaggle-community-benchmarks,13137d907e938c6ed36c2b17eb0c4347f2d3943c,NA,No matching Task_Name row in provided export CSV(s).
gpt-oss-120b,P48,export_missing,NA,NA,NA,0,NA,NA,NA,no_row_for_task,lucid_m11_probe_p48_task,michael1232/lucid-kaggle-community-benchmarks,13137d907e938c6ed36c2b17eb0c4347f2d3943c,NA,No matching Task_Name row in provided export CSV(s).
gpt-oss-120b,P72,platform_limited,NA,NA,NA,0,NA,NA,NA,boolean_false_no_numeric,lucid_m09_mature_evidence_task,michael1232/lucid-kaggle-community-benchmarks,13137d907e938c6ed36c2b17eb0c4347f2d3943c,m09_kaggle_leaderboard_export.csv,Platform returned Boolean_Result=False without Numerical_Result; not asserted as benchmark defect.
gpt-oss-20b,P12,export_missing,NA,NA,NA,0,NA,NA,NA,no_row_for_task,lucid_m11_probe_p12_task,michael1232/lucid-kaggle-community-benchmarks,13137d907e938c6ed36c2b17eb0c4347f2d3943c,NA,No matching Task_Name row in provided export CSV(s).
gpt-oss-20b,P24,export_missing,NA,NA,NA,0,NA,NA,NA,no_row_for_task,lucid_m11_probe_p24_task,michael1232/lucid-kaggle-community-benchmarks,13137d907e938c6ed36c2b17eb0c4347f2d3943c,NA,No matching Task_Name row in provided export CSV(s).
gpt-oss-20b,P48,export_missing,NA,NA,NA,0,NA,NA,NA,no_row_for_task,lucid_m11_probe_p48_task,michael1232/lucid-kaggle-community-benchmarks,13137d907e938c6ed36c2b17eb0c4347f2d3943c,NA,No matching Task_Name row in provided export CSV(s).
gpt-oss-20b,P72,platform_limited,NA,NA,NA,0,NA,NA,NA,boolean_false_no_numeric,lucid_m09_mature_evidence_task,michael1232/lucid-kaggle-community-benchmarks,13137d907e938c6ed36c2b17eb0c4347f2d3943c,m09_kaggle_leaderboard_export.csv,Platform returned Boolean_Result=False without Numerical_Result; not asserted as benchmark defect.
qwen3-235b-a22b-instruct-2507,P12,export_missing,NA,NA,NA,0,NA,NA,NA,no_row_for_task,lucid_m11_probe_p12_task,michael1232/lucid-kaggle-community-benchmarks,13137d907e938c6ed36c2b17eb0c4347f2d3943c,NA,No matching Task_Name row in provided export CSV(s).
qwen3-235b-a22b-instruct-2507,P24,export_missing,NA,NA,NA,0,NA,NA,NA,no_row_for_task,lucid_m11_probe_p24_task,michael1232/lucid-kaggle-community-benchmarks,13137d907e938c6ed36c2b17eb0c4347f2d3943c,NA,No matching Task_Name row in provided export CSV(s).
qwen3-235b-a22b-instruct-2507,P48,export_missing,NA,NA,NA,0,NA,NA,NA,no_row_for_task,lucid_m11_probe_p48_task,michael1232/lucid-kaggle-community-benchmarks,13137d907e938c6ed36c2b17eb0c4347f2d3943c,NA,No matching Task_Name row in provided export CSV(s).
qwen3-235b-a22b-instruct-2507,P72,completed,0.7117534722222216,0.03258680555555493,NA,1,NA,NA,NA,NA,lucid_m09_mature_evidence_task,michael1232/lucid-kaggle-community-benchmarks,13137d907e938c6ed36c2b17eb0c4347f2d3943c,m09_kaggle_leaderboard_export.csv,NA
qwen3-coder-480b-a35b-instruct,P12,export_missing,NA,NA,NA,0,NA,NA,NA,no_row_for_task,lucid_m11_probe_p12_task,michael1232/lucid-kaggle-community-benchmarks,13137d907e938c6ed36c2b17eb0c4347f2d3943c,NA,No matching Task_Name row in provided export CSV(s).
qwen3-coder-480b-a35b-instruct,P24,export_missing,NA,NA,NA,0,NA,NA,NA,no_row_for_task,lucid_m11_probe_p24_task,michael1232/lucid-kaggle-community-benchmarks,13137d907e938c6ed36c2b17eb0c4347f2d3943c,NA,No matching Task_Name row in provided export CSV(s).
qwen3-coder-480b-a35b-instruct,P48,export_missing,NA,NA,NA,0,NA,NA,NA,no_row_for_task,lucid_m11_probe_p48_task,michael1232/lucid-kaggle-community-benchmarks,13137d907e938c6ed36c2b17eb0c4347f2d3943c,NA,No matching Task_Name row in provided export CSV(s).
qwen3-coder-480b-a35b-instruct,P72,completed,0.7432986111111107,-0.15086805555555616,NA,1,NA,NA,NA,NA,lucid_m09_mature_evidence_task,michael1232/lucid-kaggle-community-benchmarks,13137d907e938c6ed36c2b17eb0c4347f2d3943c,m09_kaggle_leaderboard_export.csv,NA
qwen3-next-80b-a3b-instruct,P12,export_missing,NA,NA,NA,0,NA,NA,NA,no_row_for_task,lucid_m11_probe_p12_task,michael1232/lucid-kaggle-community-benchmarks,13137d907e938c6ed36c2b17eb0c4347f2d3943c,NA,No matching Task_Name row in provided export CSV(s).
qwen3-next-80b-a3b-instruct,P24,export_missing,NA,NA,NA,0,NA,NA,NA,no_row_for_task,lucid_m11_probe_p24_task,michael1232/lucid-kaggle-community-benchmarks,13137d907e938c6ed36c2b17eb0c4347f2d3943c,NA,No matching Task_Name row in provided export CSV(s).
qwen3-next-80b-a3b-instruct,P48,export_missing,NA,NA,NA,0,NA,NA,NA,no_row_for_task,lucid_m11_probe_p48_task,michael1232/lucid-kaggle-community-benchmarks,13137d907e938c6ed36c2b17eb0c4347f2d3943c,NA,No matching Task_Name row in provided export CSV(s).
qwen3-next-80b-a3b-instruct,P72,completed,0.654357638888888,-0.01605902777777868,NA,1,NA,NA,NA,NA,lucid_m09_mature_evidence_task,michael1232/lucid-kaggle-community-benchmarks,13137d907e938c6ed36c2b17eb0c4347f2d3943c,m09_kaggle_leaderboard_export.csv,NA
qwen3-next-80b-a3b-thinking,P12,export_missing,NA,NA,NA,0,NA,NA,NA,no_row_for_task,lucid_m11_probe_p12_task,michael1232/lucid-kaggle-community-benchmarks,13137d907e938c6ed36c2b17eb0c4347f2d3943c,NA,No matching Task_Name row in provided export CSV(s).
qwen3-next-80b-a3b-thinking,P24,export_missing,NA,NA,NA,0,NA,NA,NA,no_row_for_task,lucid_m11_probe_p24_task,michael1232/lucid-kaggle-community-benchmarks,13137d907e938c6ed36c2b17eb0c4347f2d3943c,NA,No matching Task_Name row in provided export CSV(s).
qwen3-next-80b-a3b-thinking,P48,export_missing,NA,NA,NA,0,NA,NA,NA,no_row_for_task,lucid_m11_probe_p48_task,michael1232/lucid-kaggle-community-benchmarks,13137d907e938c6ed36c2b17eb0c4347f2d3943c,NA,No matching Task_Name row in provided export CSV(s).
qwen3-next-80b-a3b-thinking,P72,completed,0.6518576388888895,0.001440972222222725,NA,1,NA,NA,NA,NA,lucid_m09_mature_evidence_task,michael1232/lucid-kaggle-community-benchmarks,13137d907e938c6ed36c2b17eb0c4347f2d3943c,m09_kaggle_leaderboard_export.csv,NA
